Rivers,Aegor Rivers,/index.php/Aegor_Rivers,15
Rivers,Jeyne Rivers,/index.php/Jeyne_Rivers,865
Rivers,Martyn Rivers,/index.php/Martyn_Rivers,1142
Rivers,Mellara Rivers,/index.php/Mellara_Rivers,1178
Rivers,Melwys Rivers,/index.php/Melwys_Rivers,1183
Rivers,Ronel Rivers,/index.php/Ronel_Rivers,1556
Rivers,Ryger Rivers,/index.php/Ryger_Rivers,1588
Rivers,Gwenys Rivers,/index.php/Gwenys_Rivers,2071
Rivers,Mya Rivers,/index.php/Mya_Rivers,2072
Targaryen,Aemond Targaryen,/index.php/Aemond_Targaryen,22
Targaryen,Aerion Targaryen,/index.php/Aerion_Targaryen,25
Targaryen,Baela Targaryen,/index.php/Baela_Targaryen,145
Targaryen,Baelor Targaryen,/index.php/Baelor_Targaryen_(son_of_Daeron_II),151
Targaryen,Daena Targaryen,/index.php/Daena_Targaryen,368
Targaryen,Duncan Targaryen,/index.php/Duncan_Targaryen,468
Targaryen,Helaena Targaryen,/index.php/Helaena_Targaryen,758
Targaryen,Maekar Targaryen,/index.php/Maekar_Targaryen,1096
Targaryen,Maelor Targaryen,/index.php/Maelor_Targaryen,1097
Targaryen,Matarys Targaryen,/index.php/Matarys_Targaryen,1138
Targaryen,Naerys Targaryen,/index.php/Naerys_Targaryen,1263
Targaryen,Rhae Targaryen,/index.php/Rhae_Targaryen,1473
Targaryen,Rhaelle Targaryen,/index.php/Rhaelle_Targaryen,1479
Targaryen,Saera Targaryen,/index.php/Saera_Targaryen,1598
Targaryen,Rhaenyra Targaryen,/index.php/Rhaenyra_Targaryen,2035
Targaryen,Aerea Targaryen,/index.php/Aerea_Targaryen,2086
Targaryen,Rhalla Targaryen,/index.php/Rhalla_Targaryen,2087
Targaryen,Rhaenyra Targaryen,/index.php/Rhaenyra_Targaryen ,2091
Targaryen,Aelora Targaryen,/index.php/Aelora_Targaryen,2103
Targaryen,Aelor Targaryen,/index.php/Aelor_Targaryen,2104
Targaryen,Daenora Targaryen,/index.php/Daenora_Targaryen,2105
Frey,Aenys Frey,/index.php/Aenys_Frey,23
Frey,Alesander Frey,/index.php/Alesander_Frey,44
Frey,Alyn Frey,/index.php/Alyn_Frey,66
Frey,Alys Frey,/index.php/Alys_Frey,81
Frey,Alyx Frey,/index.php/Alyx_Frey,84
Frey,Androw Frey,/index.php/Androw_Frey,99
Frey,Arwood Frey,/index.php/Arwood_Frey,129
Frey,Arwyn Frey,/index.php/Arwyn_Frey,130
Frey,Benfrey Frey,/index.php/Benfrey_Frey,197
Frey,Bradamar Frey,/index.php/Bradamar_Frey,242
Frey,Bryan Frey,/index.php/Bryan_Frey,263
Frey,Cersei Frey,/index.php/Cersei_Frey,306
Frey,Cleos Frey,/index.php/Cleos_Frey,322
Frey,Colmar Frey,/index.php/Colmar_Frey,335
Frey,Cynthea Frey,/index.php/Cynthea_Frey,357
Frey,Della Frey,/index.php/Della_Frey,411
Frey,Dickon Frey,/index.php/Dickon_Frey,435
Frey,Edwyn Frey,/index.php/Edwyn_Frey,493
Frey,Elmar Frey,/index.php/Elmar_Frey,513
Frey,Emberlei Frey,/index.php/Emberlei_Frey,523
Frey,Emmon Frey,/index.php/Emmon_Frey,526
Frey,Franklyn Frey,/index.php/Franklyn_Frey,570
Frey,Hosteen Frey,/index.php/Hosteen_Frey,787
Frey,Hoster Frey,/index.php/Hoster_Frey,788
Frey,Jaime Frey,/index.php/Jaime_Frey,829
Frey,Jammos Frey,/index.php/Jammos_Frey,832
Frey,Jared Frey,/index.php/Jared_Frey,837
Frey,Jonos Frey,/index.php/Jonos_Frey,910
Frey,Kyra Frey,/index.php/Kyra_Frey,970
Frey,Leana Frey,/index.php/Leana_Frey,988
Frey,Lothar Frey,/index.php/Lothar_Frey,1038
Frey,Luceon Frey,/index.php/Luceon_Frey,1051
Frey,Lyonel Frey,/index.php/Lyonel_Frey,1080
Frey,Lythene Frey,/index.php/Lythene_Frey,1089
Frey,Malwyn Frey,/index.php/Malwyn_Frey,1108
Frey,Marissa Frey,/index.php/Marissa_Frey,1125
Frey,Mathis Frey,/index.php/Mathis_Frey,1148
Frey,Merianne Frey,/index.php/Merianne_Frey,1186
Frey,Merrett Frey,/index.php/Merrett_Frey,1193
Frey,Morya Frey,/index.php/Morya_Frey,1234
Frey,Olyvar Frey,/index.php/Olyvar_Frey,1304
Frey,Osmund Frey,/index.php/Osmund_Frey,1326
Frey,Perra Frey,/index.php/Perra_Frey,1360
Frey,Perriane Frey,/index.php/Perriane_Frey,1361
Frey,Perwyn Frey,/index.php/Perwyn_Frey,1363
Frey,Petyr Frey,/index.php/Petyr_Frey,1367
Frey,Raymund Frey,/index.php/Raymund_Frey,1453
Frey,Rhaegar Frey,/index.php/Rhaegar_Frey,1474
Frey,Ryella Frey,/index.php/Ryella_Frey,1586
Frey,Sandor Frey,/index.php/Sandor_Frey,1609
Frey,Sarra Frey,/index.php/Sarra_Frey,1613
Frey,Serra Frey,/index.php/Serra_Frey,1629
Frey,Shirei Frey,/index.php/Shirei_Frey,1643
Frey,Steffon Frey,/index.php/Steffon_Frey,1680
Frey,Symond Frey,/index.php/Symond_Frey,1708
Frey,Theo Frey,/index.php/Theo_Frey,1730
Frey,Tion Frey,/index.php/Tion_Frey,1754
Frey,Tysane Frey,/index.php/Tysane_Frey,1812
Frey,Tyta Frey,/index.php/Tyta_Frey,1814
Frey,Tytos Frey,/index.php/Tytos_Frey,1817
Frey,Tywin Frey,/index.php/Tywin_Frey,1819
Frey,Tywin Frey,/index.php/Tywin_Frey_(son_of_Raymund),1820
Frey,Walda Frey,/index.php/Walda_Frey_(daughter_of_Edwyn),1873
Frey,Waltyr Frey,/index.php/Waltyr_Frey,1897
Frey,Wendel Frey,/index.php/Wendel_Frey,1914
Frey,Whalen Frey,/index.php/Whalen_Frey,1920
Frey,Willamen Frey,/index.php/Willamen_Frey,1928
Frey,Willem Frey,/index.php/Willem_Frey,1936
Frey,Zachery Frey,/index.php/Zachery_Frey,1978
Frey,Zia Frey,/index.php/Zia_Frey,1984
Frey,Aenys Frey,/index.php/Aenys_Frey,2003
Frey,Geremy Frey,/index.php/Geremy_Frey,2018
Hightower,Alerie Hightower,/index.php/Alerie_Hightower,43
Hightower,Alicent Hightower,/index.php/Alicent_Hightower,51
Hightower,Alysanne Hightower,/index.php/Alysanne_Hightower,76
Hightower,Baelor Hightower,/index.php/Baelor_Hightower,149
Hightower,Denyse Hightower,/index.php/Denyse_Hightower,423
Hightower,Garth Hightower,/index.php/Garth_Hightower,603
Hightower,Gunthor Hightower,/index.php/Gunthor_Hightower,680
Hightower,Gwayne Hightower,/index.php/Gwayne_Hightower,687
Hightower,Leyla Hightower,/index.php/Leyla_Hightower,1016
Hightower,Quenton Hightower,/index.php/Quenton_Hightower,1417
Hightower,Runcel Hightower,/index.php/Runcel_Hightower,1577
Hightower,Ceryse Hightower,/index.php/Ceryse_Hightower,2041
Hightower,Jon Hightower,/index.php/Jon_Hightower,2066
Florent,Alester Florent,/index.php/Alester_Florent,47
Florent,Axell Florent,/index.php/Axell_Florent,140
Florent,Colin Florent,/index.php/Colin_Florent,333
Florent,Erren Florent,/index.php/Erren_Florent,540
Florent,Imry Florent,/index.php/Imry_Florent,816
Florent,Melessa Florent,/index.php/Melessa_Florent,1173
Florent,Merrell Florent,/index.php/Merrell_Florent,1192
Florent,Omer Florent,/index.php/Omer_Florent,1307
Florent,Ryam Florent,/index.php/Ryam_Florent,1583
Florent,Rylene Florent,/index.php/Rylene_Florent,1590
Florent,Selyse Florent,/index.php/Selyse_Florent,1625
Tyrell,Alla Tyrell,/index.php/Alla_Tyrell,53
Tyrell,Elinor Tyrell,/index.php/Elinor_Tyrell,509
Tyrell,Garlan Tyrell,/index.php/Garlan_Tyrell,592
Tyrell,Garth Tyrell,/index.php/Garth_Tyrell,605
Tyrell,Gormon Tyrell,/index.php/Gormon_Tyrell,645
Tyrell,Harlen Tyrell,/index.php/Harlen_Tyrell,724
Tyrell,Janna Tyrell,/index.php/Janna_Tyrell,834
Tyrell,Leona Tyrell,/index.php/Leona_Tyrell,1002
Tyrell,Loras Tyrell,/index.php/Loras_Tyrell,1027
Tyrell,Lorent Tyrell,/index.php/Lorent_Tyrell,1032
Tyrell,Lucas Tyrell,/index.php/Lucas_Tyrell,1050
Tyrell,Lyonel Tyrell,/index.php/Lyonel_Tyrell_(lord),1083
Tyrell,Medwick Tyrell,/index.php/Medwick_Tyrell,1161
Tyrell,Mina Tyrell,/index.php/Mina_Tyrell,1201
Tyrell,Moryn Tyrell,/index.php/Moryn_Tyrell,1235
Tyrell,Normund Tyrell,/index.php/Normund_Tyrell,1280
Tyrell,Olene Tyrell,/index.php/Olene_Tyrell,1299
Tyrell,Victaria Tyrell,/index.php/Victaria_Tyrell,1859
Tyrell,Victor Tyrell,/index.php/Victor_Tyrell,1861
Tyrell,Willas Tyrell,/index.php/Willas_Tyrell,1934
Seaworth,Allard Seaworth,/index.php/Allard_Seaworth,56
Seaworth,Dale Seaworth,/index.php/Dale_Seaworth,385
Seaworth,Devan Seaworth,/index.php/Devan_Seaworth,428
Seaworth,Maric Seaworth,/index.php/Maric_Seaworth,1122
Seaworth,Marya Seaworth,/index.php/Marya_Seaworth,1145
Seaworth,Matthos Seaworth,/index.php/Matthos_Seaworth,1154
Seaworth,Stannis Seaworth,/index.php/Stannis_Seaworth,1673
Seaworth,Steffon Seaworth,/index.php/Steffon_Seaworth,1682
Thorne,Alliser Thorne,/index.php/Alliser_Thorne,57
Thorne,Rickard Thorne,/index.php/Rickard_Thorne,1498
Sharp,Alvyn Sharp,/index.php/Alvyn_Sharp,59
Sharp,Harmund Sharp,/index.php/Harmund_Sharp,730
Sharp,Harrag Sharp,/index.php/Harrag_Sharp,735
Graceford,Alyce Graceford,/index.php/Alyce_Graceford,61
Connington,Alyn Connington,/index.php/Alyn_Connington,64
Connington,Ronald Connington,/index.php/Ronald_Connington,1553
Connington,Ronnet Connington,/index.php/Ronnet_Connington,1560
Connington,Armond Connington,/index.php/Armond_Connington,2076
Hunt,Alyn Hunt,/index.php/Alyn_Hunt,68
Hunt,Hyle Hunt,/index.php/Hyle_Hunt,810
Velaryon,Alyn Velaryon,/index.php/Alyn_Velaryon,70
Velaryon,Laena Velaryon,/index.php/Laena_Velaryon,972
Velaryon,Laenor Velaryon,/index.php/Laenor_Velaryon,973
Velaryon,Monford Velaryon,/index.php/Monford_Velaryon,1209
Velaryon,Monterys Velaryon,/index.php/Monterys_Velaryon,1211
Velaryon,Vaemond Velaryon,/index.php/Vaemond_Velaryon,1846
Velaryon,Valaena Velaryon,/index.php/Valaena_Velaryon,1848
Velaryon,Alyssa Velaryon,/index.php/Alyssa_Velaryon,2052
Velaryon,Daeron Velaryon,/index.php/Daeron_Velaryon,2053
Velaryon,Daenaera Velaryon,/index.php/Daenaera_Velaryon,2107
Bracken,Alysanne Bracken,/index.php/Alysanne_Bracken,74
Bracken,Barba Bracken,/index.php/Barba_Bracken,159
Bracken,Barbara Bracken,/index.php/Barbara_Bracken,160
Bracken,Bess Bracken,/index.php/Bess_Bracken,212
Bracken,Bethany Bracken,/index.php/Bethany_Bracken,218
Bracken,Catelyn Bracken,/index.php/Catelyn_Bracken,297
Bracken,Hendry Bracken,/index.php/Hendry_Bracken,764
Bracken,Jayne Bracken,/index.php/Jayne_Bracken,850
Bracken,Jonos Bracken,/index.php/Jonos_Bracken,909
Bracken,Otho Bracken,/index.php/Otho_Bracken,1336
Bracken,Lord Bracken,/index.php/Lord_Bracken,2063
Lefford,Alysanne Lefford,/index.php/Alysanne_Lefford,77
Lefford,Leo Lefford,/index.php/Leo_Lefford,998
Lefford,Myranda Lefford,/index.php/Myranda_Lefford,2036
Osgrey,Alysanne Osgrey,/index.php/Alysanne_Osgrey,79
Osgrey,Edwyn Osgrey,/index.php/Edwyn_Osgrey,494
Osgrey,Ormond Osgrey,/index.php/Ormond_Osgrey,1316
Osgrey,Perwyn Osgrey,/index.php/Perwyn_Osgrey,1364
Osgrey,Wilbert Osgrey,/index.php/Wilbert_Osgrey,1922
Arryn,Alyssa Arryn,/index.php/Alyssa_Arryn,82
Arryn,Artys Arryn,/index.php/Artys_Arryn,122
Arryn,Denys Arryn,/index.php/Denys_Arryn,418
Arryn,Elbert Arryn,/index.php/Elbert_Arryn,500
Arryn,Jasper Arryn,/index.php/Jasper_Arryn,843
Arryn,Jeyne Arryn,/index.php/Jeyne_Arryn,856
Arryn,Ronnel Arryn,/index.php/Ronnel_Arryn,1557
Arryn,Rodrik Arryn,/index.php/Rodrik_Arryn,2090
Blackwood,Alyssa Blackwood,/index.php/Alyssa_Blackwood,83
Blackwood,Lucas Blackwood,/index.php/Lucas_Blackwood,1045
Blackwood,Melissa Blackwood,/index.php/Melissa_Blackwood,1177
Blackwood,Quentyn Blackwood,/index.php/Quentyn_Blackwood,1419
Blackwood,Tytos Blackwood,/index.php/Tytos_Blackwood,1815
Blackwood,Alysanne Blackwood,/index.php/Alysanne_Blackwood,2061
Yronwood,Anders Yronwood,/index.php/Anders_Yronwood,92
Yronwood,Archibald Yronwood,/index.php/Archibald_Yronwood,105
Yronwood,Cletus Yronwood,/index.php/Cletus_Yronwood,323
Charlton,Andrey Charlton,/index.php/Andrey_Charlton,94
Charlton,Clarence Charlton,/index.php/Clarence_Charlton,316
Dalt,Andrey Dalt,/index.php/Andrey_Dalt,95
Dalt,Deziel Dalt,/index.php/Deziel_Dalt,430
Brax,Andros Brax,/index.php/Andros_Brax,97
Brax,Flement Brax,/index.php/Flement_Brax,565
Brax,Jon Brax,/index.php/Jon_Brax,888
Brax,Rupert Brax,/index.php/Rupert_Brax,1579
Brax,Tytos Brax,/index.php/Tytos_Brax,1816
Brax,Walder Brax,/index.php/Walder_Brax,1880
Ashford,Androw Ashford,/index.php/Androw_Ashford,98
Ashford,Lord Ashford,/index.php/Lord_Ashford,136
Ashford,Robert Ashford,/index.php/Robert_Ashford,1507
Jast,Antario Jast,/index.php/Antario_Jast,102
Ryn,Anvil Ryn,/index.php/Anvil_Ryn,103
Caswell,Armond Caswell,/index.php/Armond_Caswell,114
Caswell,Lord Caswell,/index.php/Lord_Caswell,295
Caswell,Cleyton Caswell,/index.php/Cleyton_Caswell,325
Caswell,Joffrey Caswell,/index.php/Joffrey_Caswell,879
Caswell,Orbert Caswell,/index.php/Orbert_Caswell,1310
Karstark,Arnolf Karstark,/index.php/Arnolf_Karstark,117
Karstark,Arthor Karstark,/index.php/Arthor_Karstark,125
Karstark,Cregan Karstark,/index.php/Cregan_Karstark,349
Karstark,Eddard Karstark,/index.php/Eddard_Karstark,480
Karstark,Harrion Karstark,/index.php/Harrion_Karstark,740
Karstark,Rickard Karstark,/index.php/Rickard_Karstark,1494
Karstark,Torrhen Karstark,/index.php/Torrhen_Karstark,1774
Santagar,Aron Santagar,/index.php/Aron_Santagar,118
Santagar,Sylva Santagar,/index.php/Sylva_Santagar,1700
Santagar,Symon Santagar,/index.php/Symon_Santagar,1704
Qorgyle,Arron Qorgyle,/index.php/Arron_Qorgyle,121
Qorgyle,Gulian Qorgyle,/index.php/Gulian_Qorgyle,676
Qorgyle,Quentyn Qorgyle,/index.php/Quentyn_Qorgyle,1421
Ambrose,Arthur Ambrose,/index.php/Arthur_Ambrose,126
Ambrose,Aubrey Ambrose,/index.php/Aubrey_Ambrose,138
Ambrose,Edmund Ambrose,/index.php/Edmund_Ambrose,485
Dayne,Ashara Dayne,/index.php/Ashara_Dayne,135
Dayne,Gerold Dayne,/index.php/Gerold_Dayne,620
Dayne,Ulrick Dayne,/index.php/Ulrick_Dayne,1827
Dayne,Dyanna Dayne,/index.php/Dyanna_Dayne,2005
Ahai,Azor Ahai,/index.php/Azor_Ahai,143
Blacktyde,Baelor Blacktyde,/index.php/Baelor_Blacktyde,148
Blacktyde,Beron Blacktyde,/index.php/Beron_Blacktyde,210
Botley,Balon Botley,/index.php/Balon_Botley,154
Botley,Bennarion Botley,/index.php/Bennarion_Botley,202
Botley,Harlon Botley,/index.php/Harlon_Botley,725
Botley,Harren Botley,/index.php/Harren_Botley,737
Botley,Lucimore Botley,/index.php/Lucimore_Botley,1054
Botley,Maron Botley,/index.php/Maron_Botley,1130
Botley,Quellon Botley,/index.php/Quellon_Botley,1409
Botley,Sargon Botley,/index.php/Sargon_Botley,1612
Botley,Sawane Botley,/index.php/Sawane_Botley,1616
Botley,Symond Botley,/index.php/Symond_Botley,1707
Botley,Vickon Botley,/index.php/Vickon_Botley,1857
Swann,Balon Swann,/index.php/Balon_Swann,156
Swann,Gawen Swann,/index.php/Gawen_Swann,609
Swann,Jeyne Swann,/index.php/Jeyne_Swann,866
Swann,Johanna Swann,/index.php/Johanna_Swann,881
Swann,Manfred Swann,/index.php/Manfred_Swann,1113
Blackhair,Barsena Blackhair,/index.php/Barsena_Blackhair,165
Stark,Barthogan Stark,/index.php/Barthogan_Stark,167
Stark,Edrick Stark,/index.php/Edrick_Stark,490
Stark,Eyron Stark,/index.php/Eyron_Stark,551
Stark,Jonnel Stark,/index.php/Jonnel_Stark,908
Stark,Jonos Stark,/index.php/Jonos_Stark,911
Stark,Jorah Stark,/index.php/Jorah_Stark,914
Stark,Karlon Stark,/index.php/Karlon_Stark,940
Stark,Rodrik Stark,/index.php/Rodrik_Stark,1531
Stark,Rodwell Stark,/index.php/Rodwell_Stark,1533
Stark,Theon Stark,/index.php/Theon_Stark,1739
Stark,Torrhen Stark,/index.php/Torrhen_Stark,1775
Stark,Walton Stark,/index.php/Walton_Stark,1895
Stark,Lynara Stark,/index.php/Lynara_Stark,2010
Stark,Mariah Stark,/index.php/Mariah_Stark,2013
Stark,Raya Stark,/index.php/Raya_Stark,2014
Stark,Alys Stark,/index.php/Alys_Stark,2015
Stark,Sarra Stark,/index.php/Sarra_Stark,2016
Stark,Bennard Stark,/index.php/Bennard_Stark,2060
Stark,Berena Stark,/index.php/Berena_Stark,2097
Stark,Alysanne Stark,/index.php/Alysanne_Stark,2099
Norcross,Bayard Norcross,/index.php/Bayard_Norcross,169
Norcross,Jeffory Norcross,/index.php/Jeffory_Norcross,852
Dick,Beardless Dick,/index.php/Beardless_Dick,171
Dick,Yellow Dick,/index.php/Yellow_Dick,1964
Bonebreaker,Belaquo Bonebreaker,/index.php/Belaquo_Bonebreaker,177
Otherys,Bellegere Otherys,/index.php/Bellegere_Otherys,182
Otherys,Bellegere Otherys,/index.php/Bellegere_Otherys_(Courtesan),183
Otherys,Bellonara Otherys,/index.php/Bellonara_Otherys,185
Otherys,Balerion Otherys,/index.php/Balerion_Otherys,2116
Otherys,Narha Otherys,/index.php/Narha_Otherys,2117
(Orphan),Ben (Orphan),/index.php/Ben,187
Blackthumb,Ben Blackthumb,/index.php/Ben_Blackthumb,189
Bones,Ben Bones,/index.php/Ben_Bones,190
Bushy,Ben Bushy,/index.php/Ben_Bushy,191
Belmore,Benedar Belmore,/index.php/Benedar_Belmore,193
Belmore,Marwyn Belmore,/index.php/Marwyn_Belmore,1144
Broom,Benedict Broom,/index.php/Benedict_Broom,195
Brune,Bennard Brune,/index.php/Bennard_Brune,201
Brune,Eustace Brune,/index.php/Eustace_Brune,548
Brune,Lothor Brune,/index.php/Lothor_Brune,1041
Beesbury,Bertram Beesbury,/index.php/Bertram_Beesbury,211
Beesbury,Hugh Beesbury,/index.php/Hugh_Beesbury,797
Beesbury,Humfrey Beesbury,/index.php/Humfrey_Beesbury,803
Beesbury,Jeyne Beesbury,/index.php/Jeyne_Beesbury,857
Beesbury,Warryn Beesbury,/index.php/Warryn_Beesbury,1900
Cassel,Beth Cassel,/index.php/Beth_Cassel,215
Cassel,Rodrik Cassel,/index.php/Rodrik_Cassel,1525
Fair-Fingers,Bethany Fair-Fingers,/index.php/Bethany_Fair-Fingers,219
Redwyne,Bethany Redwyne,/index.php/Bethany_Redwyne,220
Redwyne,Denys Redwyne,/index.php/Denys_Redwyne,422
Redwyne,Hobber Redwyne,/index.php/Hobber_Redwyne,777
Redwyne,Horas Redwyne,/index.php/Horas_Redwyne,784
Redwyne,Olenna Redwyne,/index.php/Olenna_Redwyne,1300
Redwyne,Ryam Redwyne,/index.php/Ryam_Redwyne,2050
Redwyne,Desmera Redwyne,/index.php/Desmera_Redwyne,2081
Rosby,Bethany Rosby,/index.php/Bethany_Rosby,221
Boil,Big Boil,/index.php/Big_Boil,225
Bernarr,Black Bernarr,/index.php/Black_Bernarr,227
Bernarr,Brown Bernarr,/index.php/Brown_Bernarr,261
Doss,Blind Doss,/index.php/Doss,230
Hasty,Bonifer Hasty,/index.php/Bonifer_Hasty,234
Harlaw,Boremund Harlaw,/index.php/Boremund_Harlaw,236
Harlaw,Dykk Harlaw,/index.php/Dykk_Harlaw,474
Harlaw,Gevin Harlaw,/index.php/Gevin_Harlaw,627
Harlaw,Gwynesse Harlaw,/index.php/Gwynesse_Harlaw,689
Harlaw,Harras Harlaw,/index.php/Harras_Harlaw,736
Harlaw,Hotho Harlaw,/index.php/Hotho_Harlaw,792
Harlaw,Rodrik Harlaw,/index.php/Rodrik_Harlaw,1529
Harlaw,Sigfryd Harlaw,/index.php/Sigfryd_Harlaw,1648
Harlaw,Theomore Harlaw,/index.php/Theomore_Harlaw,1737
Norrey,Brandon Norrey,/index.php/Brandon_Norrey,243
Norrey,Owen Norrey,/index.php/Owen_Norrey,1345
Norrey,Arra Norrey,/index.php/Arra_Norrey,2057
Cuy,Branston Cuy,/index.php/Branston_Cuy,253
Fossoway,Bryan Fossoway,/index.php/Bryan_Fossoway,264
Fossoway,Edwyd Fossoway,/index.php/Edwyd_Fossoway,491
Fossoway,Jeyne Fossoway,/index.php/Jeyne_Fossoway,859
Fossoway,Raymun Fossoway,/index.php/Raymun_Fossoway,1452
Fossoway,Steffon Fossoway,/index.php/Steffon_Fossoway,1679
Fossoway,Tanton Fossoway,/index.php/Tanton_Fossoway,1721
Caron,Bryce Caron,/index.php/Bryce_Caron,266
Caron,Bryen Caron,/index.php/Bryen_Caron,268
Caron,Pearse Caron,/index.php/Pearse_Caron,1357
Bulwer,Buford Bulwer,/index.php/Buford_Bulwer,272
Flint,Byam Flint,/index.php/Byam_Flint,277
Flint,Danny Flint,/index.php/Danny_Flint,398
Flint,Lyessa Flint,/index.php/Lyessa_Flint,1067
Flint,Robin Flint,/index.php/Robin_Flint,1517
Flint,Rodrik Flint,/index.php/Rodrik_Flint,1526
Votyris,Byan Votyris,/index.php/Byan_Votyris,278
Flowers,Byren Flowers,/index.php/Byren_Flowers,279
Flowers,Falia Flowers,/index.php/Falia_Flowers,555
Flowers,Garrett Flowers,/index.php/Garrett_Flowers,593
Flowers,Garse Flowers,/index.php/Garse_Flowers,596
Flowers,Glendon Flowers,/index.php/Glendon_Flowers,635
Flowers,Robert Flowers,/index.php/Robert_Flowers,1511
Flowers,Rusty Flowers,/index.php/Rusty_Flowers,1582
Flowers,Walys Flowers,/index.php/Walys_Flowers,1898
Cafferen,Lord Cafferen,/index.php/Lord_Cafferen,283
Drahar,Craghas Drahar,/index.php/Craghas_Drahar,284
Jeyne,Canker Jeyne,/index.php/Canker_Jeyne,288
Vaith,Cassella Vaith,/index.php/Cassella_Vaith,294
Vaith,Daeron Vaith,/index.php/Daeron_Vaith,375
Payne,Cedric Payne,/index.php/Cedric_Payne,301
Payne,Podrick Payne,/index.php/Podrick_Payne,1372
Storm,Cedrik Storm,/index.php/Cedrik_Storm,302
Storm,Rolland Storm,/index.php/Rolland_Storm,1547
Storm,Ronald Storm,/index.php/Ronald_Storm,1554
Suggs,Clayton Suggs,/index.php/Clayton_Suggs,317
Crabb,Clement Crabb,/index.php/Clement_Crabb,319
Crabb,Dick Crabb,/index.php/Dick_Crabb,433
Crabb,Rupert Crabb,/index.php/Rupert_Crabb,1580
Piper,Clement Piper,/index.php/Clement_Piper,320
Piper,Lewys Piper,/index.php/Lewys_Piper,1015
Piper,Marq Piper,/index.php/Marq_Piper,1135
Conklyn,Clifford Conklyn,/index.php/Clifford_Conklyn,326
Karl,Clubfoot Karl,/index.php/Clubfoot_Karl,327
Quaynis,Collio Quaynis,/index.php/Collio_Quaynis,334
Penny,Corliss Penny,/index.php/Corliss_Penny,339
Penny,Jon Penny,/index.php/Jon_Penny,897
Pyke,Cotter Pyke,/index.php/Cotter_Pyke,344
Pyke,Kemmett Pyke,/index.php/Kemmett_Pyke,946
Pyke,Ragnor Pyke,/index.php/Ragnor_Pyke,1432
Pyke,Wex Pyke,/index.php/Wex_Pyke,1919
Greenhill,Courtenay Greenhill,/index.php/Courtenay_Greenhill,345
Longbough,Creighton Longbough,/index.php/Creighton_Longbough,351
Naharis,Daario Naharis,/index.php/Daario_Naharis,359
Shepherd,Daegon Shepherd,/index.php/Daegon_Shepherd,362
Shepherd,Qarl Shepherd,/index.php/Qarl_Shepherd,1399
Sand,Daemon Sand,/index.php/Daemon_Sand,366
Sand,Dorea Sand,/index.php/Dorea_Sand,457
Sand,Loreza Sand,/index.php/Loreza_Sand,1033
Sand,Obara Sand,/index.php/Obara_Sand,1290
Sand,Obella Sand,/index.php/Obella_Sand,1291
Sand,Sarella Sand,/index.php/Sarella_Sand,1611
Sand,Tyene Sand,/index.php/Tyene_Sand,1805
Ironmaker,Dagon Ironmaker,/index.php/Dagon_Ironmaker,379
Ironmaker,Erik Ironmaker,/index.php/Erik_Ironmaker,535
Ironmaker,Thormor Ironmaker,/index.php/Thormor_Ironmaker,1742
Ironmaker,Urek Ironmaker,/index.php/Urek_Ironmaker,1834
Greyjoy,Dagon Greyjoy,/index.php/Dagon_Greyjoy,380
Greyjoy,Donel Greyjoy,/index.php/Donel_Greyjoy,443
Greyjoy,Harlon Greyjoy,/index.php/Harlon_Greyjoy,726
Greyjoy,Maron Greyjoy,/index.php/Maron_Greyjoy,1131
Greyjoy,Quellon Greyjoy,/index.php/Quellon_Greyjoy,1410
Greyjoy,Quenton Greyjoy,/index.php/Quenton_Greyjoy,1416
Greyjoy,Robin Greyjoy,/index.php/Robin_Greyjoy,1518
Greyjoy,Rodrik Greyjoy,/index.php/Rodrik_Greyjoy,1528
Greyjoy,Urrigon Greyjoy,/index.php/Urrigon_Greyjoy,1837
Greyjoy,Vickon Greyjoy,/index.php/Vickon_Greyjoy,1858
Manwoody,Dagos Manwoody,/index.php/Dagos_Manwoody,381
Manwoody,Dickon Manwoody,/index.php/Dickon_Manwoody,436
Manwoody,Mors Manwoody,/index.php/Mors_Manwoody,1228
Manwoody,Myles Manwoody,/index.php/Myles_Manwoody,1253
Drumm,Dale Drumm,/index.php/Dale_Drumm,384
Drumm,Denys Drumm,/index.php/Denys_Drumm,420
Drumm,Donnel Drumm,/index.php/Donnel_Drumm,445
Drumm,Dunstan Drumm,/index.php/Dunstan_Drumm,470
Drumm,Gormond Drumm,/index.php/Gormond_Drumm,646
Drumm,Hilmar Drumm,/index.php/Hilmar_Drumm,772
Drumm,Roryn Drumm,/index.php/Roryn_Drumm,1567
Lannister,Damion Lannister,/index.php/Damion_Lannister,388
Lannister,Daemon Lannister,/index.php/Damon_Lannister_(Lord),390
Lannister,Damon Lannister,/index.php/Damon_Lannister_(son_of_Jason),391
Lannister,Gerion Lannister,/index.php/Gerion_Lannister,619
Lannister,Gerold Lannister,/index.php/Gerold_Lannister,623
Lannister,Janei Lannister,/index.php/Janei_Lannister,833
Lannister,Joanna Lannister,/index.php/Joanna_Lannister,874
Lannister,Lancel Lannister,/index.php/Lancel_Lannister,977
Lannister,Lanna Lannister,/index.php/Lanna_Lannister,981
Lannister,Loren Lannister,/index.php/Loren_Lannister,1029
Lannister,Lucion Lannister,/index.php/Lucion_Lannister,1055
Lannister,Margot Lannister,/index.php/Margot_Lannister,1120
Lannister,Martyn Lannister,/index.php/Martyn_Lannister,1140
Lannister,Myrielle Lannister,/index.php/Myrielle_Lannister,1260
Lannister,Rosamund Lannister,/index.php/Rosamund_Lannister,1568
Lannister,Tya Lannister,/index.php/Tya_Lannister,1798
Lannister,Tybolt Lannister,/index.php/Tybolt_Lannister,1803
Lannister,Tygett Lannister,/index.php/Tygett_Lannister,1806
Lannister,Tyrek Lannister,/index.php/Tyrek_Lannister,1809
Lannister,Tytos Lannister,/index.php/Tytos_Lannister,1818
Paege,Damon Paege,/index.php/Damon_Paege,392
Paege,Garrett Paege,/index.php/Garrett_Paege,594
Paege,Halmon Paege,/index.php/Halmon_Paege,712
Paege,Harbert Paege,/index.php/Harbert_Paege,716
Paege,Robert Paege,/index.php/Robert_Paege,1514
Shett,Damon Shett,/index.php/Damon_Shett,393
Lothston,Danelle Lothston,/index.php/Danelle_Lothston,397
Lothston,Jeyne Lothston,/index.php/Jeyne_Lothston,862
Lothston,Manfred Lothston,/index.php/Manfred_Lothston,1112
Lothston,Manfryd Lothston,/index.php/Manfryd_Lothston,1115
Slynt,Danos Slynt,/index.php/Danos_Slynt,399
Slynt,Jothos Slynt,/index.php/Jothos_Slynt,929
Slynt,Morros Slynt,/index.php/Morros_Slynt,1227
Deddings,Darla Deddings,/index.php/Darla_Deddings,402
Marbrand,Darlessa Marbrand,/index.php/Darlessa_Marbrand,403
Marbrand,Lorent Marbrand,/index.php/Lorent_Marbrand,1031
Marbrand,Jeyne Marbrand,/index.php/Jeyne_Marbrand,2027
Allyrion,Delonne Allyrion,/index.php/Delonne_Allyrion,412
Allyrion,Ryon Allyrion,/index.php/Ryon_Allyrion,1595
Plumm,Dennis Plumm,/index.php/Dennis_Plumm,416
Plumm,Harwyn Plumm,/index.php/Harwyn_Plumm,752
Plumm,Maynard Plumm,/index.php/Maynard_Plumm,1157
Plumm,Ossifer Plumm,/index.php/Ossifer_Plumm,1330
Plumm,Peter Plumm,/index.php/Peter_Plumm,1365
Plumm,Philip Plumm,/index.php/Philip_Plumm,1369
Plumm,Viserys Plumm,/index.php/Viserys_Plumm,1864
Terys,Denyo Terys,/index.php/Denyo_Terys,417
Terys,Ternesio Terys,/index.php/Ternesio_Terys,1725
Terys,Yorko Terys,/index.php/Yorko_Terys,1973
Darklyn,Denys Darklyn,/index.php/Denys_Darklyn,419
Darklyn,Rolland Darklyn,/index.php/Rolland_Darklyn,1545
Darklyn,Steffon Darklyn,/index.php/Steffon_Darklyn,1685
Mallister,Denys Mallister,/index.php/Denys_Mallister,421
Mallister,Jason Mallister,/index.php/Jason_Mallister,841
Mallister,Jeffory Mallister,/index.php/Jeffory_Mallister,851
Mallister,Joseth Mallister,/index.php/Joseth_Mallister,922
Mallister,Patrek Mallister,/index.php/Patrek_Mallister,1354
Grell,Desmond Grell,/index.php/Desmond_Grell,426
Sealskinner,Devyn Sealskinner,/index.php/Devyn_Sealskinner,429
Tarly,Dickon Tarly,/index.php/Dickon_Tarly,437
Tarly,Talla Tarly,/index.php/Talla_Tarly,1715
Bolton,Domeric Bolton,/index.php/Domeric_Bolton,441
Noye,Donal Noye,/index.php/Donal_Noye,442
Hill,Donnel Hill,/index.php/Donnel_Hill,447
Hill,Joy Hill,/index.php/Joy_Hill,930
Hill,Robin Hill,/index.php/Robin_Hill,1519
Locke,Donnel Locke,/index.php/Donnel_Locke,448
Locke,Mallador Locke,/index.php/Mallador_Locke,1105
Locke,Ondrew Locke,/index.php/Ondrew_Locke,1308
Hollard,Dontos Hollard,/index.php/Dontos_Hollard,453
Hollard,Jon Hollard,/index.php/Jon_Hollard,894
Hollard,Robin Hollard,/index.php/Robin_Hollard,1520
Hollard,Steffon Hollard,/index.php/Steffon_Hollard,1681
Dilly,Dornish Dilly,/index.php/Dornish_Dilly,460
Tollett,Eddison Tollett,/index.php/Eddison_Tollett,482
Tollett,Uthor Tollett,/index.php/Uthor_Tollett,1842
Risley,Eden Risley,/index.php/Eden_Risley,483
Oakheart,Edgerran Oakheart,/index.php/Edgerran_Oakheart,484
Oakheart,Olyvar Oakheart,/index.php/Olyvar_Oakheart,1305
Emeros,Egon Emeros,/index.php/Egon_Emeros,498
Brother,Elder Brother,/index.php/Elder_Brother,501
Mooton,Eleanor Mooton,/index.php/Eleanor_Mooton,505
Mooton,Myles Mooton,/index.php/Myles_Mooton,1254
Westerling,Eleyna Westerling,/index.php/Eleyna_Westerling,506
Westerling,Elys Westerling,/index.php/Elys_Westerling,521
Westerling,Gawen Westerling,/index.php/Gawen_Westerling,610
Westerling,Raynald Westerling,/index.php/Raynald_Westerling,1455
Westerling,Rollam Westerling,/index.php/Rollam_Westerling,1544
Martell,Elia Martell,/index.php/Elia_Martell,508
Martell,Lewyn Martell,/index.php/Lewyn_Martell,1012
Martell,Manfrey Martell,/index.php/Manfrey_Martell,1114
Martell,Maron Martell,/index.php/Maron_Martell,1132
Martell,Mors Martell,/index.php/Mors_Martell,1229
Martell,Mors Martell,/index.php/Mors_Martell_(brother_of_Doran),1230
Martell,Myriah Martell,/index.php/Myriah_Martell,1259
Martell,Trystane Martell,/index.php/Trystane_Martell,1792
Martell,Olyvar Martell,/index.php/Olyvar_Martell,2032
Vance,Ellery Vance,/index.php/Ellery_Vance,511
Vance,Emphyria Vance,/index.php/Emphyria_Vance,528
Vance,Hugo Vance,/index.php/Hugo_Vance,799
Vance,Jon Vance,/index.php/Jon_Vance,904
Vance,Karyl Vance,/index.php/Karyl_Vance,941
Vance,Kirth Vance,/index.php/Kirth_Vance,955
Vance,Liane Vance,/index.php/Liane_Vance,1020
Vance,Norbert Vance,/index.php/Norbert_Vance,1278
Vance,Rhialta Vance,/index.php/Rhialta_Vance,1487
Vance,Ronald Vance,/index.php/Ronald_Vance,1555
Tarbeck,Ellyn Tarbeck,/index.php/Ellyn_Tarbeck,512
Tarbeck,Walderan Tarbeck,/index.php/Walderran_Tarbeck,2078
Willum,Elyas Willum,/index.php/Elyas_Willum,518
Willum,Josua Willum,/index.php/Josua_Willum,927
Glover,Erena Glover,/index.php/Erena_Glover,534
Glover,Ethan Glover,/index.php/Ethan_Glover,544
Glover,Galbart Glover,/index.php/Galbart_Glover,577
Glover,Gawen Glover,/index.php/Gawen_Glover,608
Glover,Robett Glover,/index.php/Robett_Glover,1515
Glover,Gilliane Glover,/index.php/Gilliane_Glover,2059
Hayford,Ermesande Hayford,/index.php/Ermesande_Hayford,536
Hayford,Lord Hayford,/index.php/Lord_Hayford,2067
Stokeworth,Falena Stokeworth,/index.php/Falena_Stokeworth,554
Stokeworth,Alyn Stokeworth,/index.php/Alyn_Stokeworth,2045
Ithoke,Fearless Ithoke,/index.php/Fearless_Ithoke,559
Antaryon,Ferrego Antaryon,/index.php/Ferrego_Antaryon,563
Prester,Forley Prester,/index.php/Forley_Prester,567
Prester,Garrison Prester,/index.php/Garrison_Prester,595
Fowler,Franklyn Fowler,/index.php/Franklyn_Fowler,569
Galare,Galazza Galare,/index.php/Galazza_Galare,576
Clifton,Gareth Clifton,/index.php/Gareth_Clifton,585
Clifton,Humfrey Clifton,/index.php/Humfrey_Clifton,804
Greenhand,Garth Greenhand,/index.php/Garth_Gardener_(Greenhand),599
Greenfield,Garth Greenfield,/index.php/Garth_Greenfield,601
Greenfield,Preston Greenfield,/index.php/Preston_Greenfield,1384
Greyfeather,Garth Greyfeather,/index.php/Garth_Greyfeather,602
Wylde,Gawen Wylde,/index.php/Gawen_Wylde,611
Wylde,Gladden Wylde,/index.php/Gladden_Wylde,634
Wylde,Ormund Wylde,/index.php/Ormund_Wylde,1317
Wylde,Tyana Wylde,/index.php/Tyana_Wylde,1799
Gower,Gerald Gower,/index.php/Gerald_Gower,616
Grafton,Gerold Grafton,/index.php/Gerold_Grafton,621
Grafton,Gyles Grafton,/index.php/Gyles_Grafton,696
Grafton,Marq Grafton,/index.php/Marq_Grafton,1134
Kingsblood,Gerrick Kingsblood,/index.php/Gerrick_Kingsblood,625
Drinkwater,Gerris Drinkwater,/index.php/Gerris_Drinkwater,626
Hewett,Glendon Hewett,/index.php/Glendon_Hewett,636
Hewett,Humfrey Hewett,/index.php/Humfrey_Hewett,806
Borrell,Godric Borrell,/index.php/Godric_Borrell,638
Peake,Gormon Peake,/index.php/Gormon_Peake,644
Peake,Titus Peake,/index.php/Titus_Peake,1755
Peake,Unwin Peake,/index.php/Unwin_Peake,2055
Goodbrother,Gormond Goodbrother,/index.php/Gormond_Goodbrother,647
Goodbrother,Gorold Goodbrother,/index.php/Gorold_Goodbrother,649
Goodbrother,Gran Goodbrother,/index.php/Gran_Goodbrother,651
Goodbrother,Greydon Goodbrother,/index.php/Greydon_Goodbrother,666
Goodbrother,Gwin Goodbrother,/index.php/Gwin_Goodbrother,688
Goodbrother,Gysella Goodbrother,/index.php/Gysella_Goodbrother,700
Goodbrother,Norne Goodbrother,/index.php/Norne_Goodbrother,1281
Baratheon,Gowen Baratheon,/index.php/Gowen_Baratheon,650
Baratheon,Lyonel Baratheon,/index.php/Lyonel_Baratheon,1077
Baratheon,Myrcella Baratheon,/index.php/Myrcella_Baratheon,1257
Baratheon,Ormund Baratheon,/index.php/Ormund_Baratheon,1989
Morrigen,Grance Morrigen,/index.php/Grance_Morrigen,652
Morrigen,Guyard Morrigen,/index.php/Guyard_Morrigen,683
Morrigen,Lester Morrigen,/index.php/Lester_Morrigen,1008
Clegane,Gregor Clegane,/index.php/Gregor_Clegane,661
Clegane,Sandor Clegane,/index.php/Sandor_Clegane,1608
King,Grey King,/index.php/Grey_King,664
King,Griffin King,/index.php/Griffin_King,667
King,Vulture King,/index.php/Vulture_King,1869
Sunglass,Guncer Sunglass,/index.php/Guncer_Sunglass,678
Grimm,Guthor Grimm,/index.php/Guthor_Grimm,682
Corbray,Gwayne Corbray,/index.php/Gwayne_Corbray,685
Corbray,Lucas Corbray,/index.php/Lucas_Corbray,1047
Corbray,Lyn Corbray,/index.php/Lyn_Corbray,1074
Corbray,Lyonel Corbray,/index.php/Lyonel_Corbray,1079
Farwynd,Gylbert Farwynd,/index.php/Gylbert_Farwynd,690
Farwynd,Gyles Farwynd,/index.php/Gyles_Farwynd,694
Farwynd,Triston Farwynd,/index.php/Triston_Farwynd,1790
Farwynd,Ygon Farwynd,/index.php/Ygon_Farwynd,1965
Farwynd,Yohn Farwynd,/index.php/Yohn_Farwynd,1969
Dothare,Gyleno Dothare,/index.php/Gyleno_Dothare,692
Dothare,Gyloro Dothare,/index.php/Gyloro_Dothare,698
Blackfyre,Haegon Blackfyre,/index.php/Haegon_Blackfyre,701
Blackfyre,Maelys Blackfyre,/index.php/Maelys_Blackfyre,1098
Blackfyre,Aenys Blackfyre,/index.php/Aenys_Blackfyre,2085
Hal,Hairy Hal,/index.php/Hairy_Hal,704
Grandison,Harlan Grandison,/index.php/Harlan_Grandison,720
Uller,Harmen Uller,/index.php/Harmen_Uller,728
Uller,Ulwyck Uller,/index.php/Ulwyck_Uller,1828
Umber,Harmond Umber,/index.php/Harmond_Umber,729
Umber,Hoarfrost Umber,/index.php/Hoarfrost_Umber,775
Umber,Hother Umber,/index.php/Hother_Umber,791
Umber,Mors Umber,/index.php/Mors_Umber,1231
Hoare,Harrag Hoare,/index.php/Harrag_Hoare,734
Hoare,Harren Hoare,/index.php/Harren_Hoare,739
Hoare,Harwyn Hoare,/index.php/Harwyn_Hoare,751
Half-Hoare,Harren Half-Hoare,/index.php/Harren_Half-Hoare,738
Hardyng,Harrold Hardyng,/index.php/Harrold_Hardyng,741
Hardyng,Humfrey Hardyng,/index.php/Humfrey_Hardyng,805
Sawyer,Harry Sawyer,/index.php/Harry_Sawyer,744
Strickland,Harry Strickland,/index.php/Harry_Strickland,745
Strong,Harwin Strong,/index.php/Harwin_Strong,748
Strong,Lucamore Strong,/index.php/Lucamore_Strong,1042
Strong,Osmund Strong,/index.php/Osmund_Strong,2028
Strong,Robert Strong,/index.php/Robert_Strong,2082
Fell,Harwood Fell,/index.php/Harwood_Fell,749
Fell,Willis Fell,/index.php/Willis_Fell,1941
Stout,Harwood Stout,/index.php/Harwood_Stout,750
Stout,Ronnel Stout,/index.php/Ronnel_Stout,1559
Stout,Wynton Stout,/index.php/Wynton_Stout,1960
Uffering,Helicent Uffering,/index.php/Helicent_Uffering,759
Uffering,Rolland Uffering,/index.php/Rolland_Uffering,1548
Bolling,Herbert Bolling,/index.php/Herbert_Bolling,768
Sparrow,High Sparrow,/index.php/High_Sparrow,771
Wanderer,Howd Wanderer,/index.php/Howd_Wanderer,793
Reed,Howland Reed,/index.php/Howland_Reed,794
Reed,Meera Reed,/index.php/Meera_Reed,1162
Rambton,Hubard Rambton,/index.php/Hubard_Rambton,795
Hammer,Hugh Hammer,/index.php/Hugh_Hammer,798
Wull,Hugo Wull,/index.php/Hugo_Wull,800
Wull,Theo Wull,/index.php/Theo_Wull,1731
Swyft,Humfrey Swyft,/index.php/Humfrey_Swyft,807
Swyft,Joanna Swyft,/index.php/Joanna_Swyft,875
Swyft,Jocelyn Swyft,/index.php/Jocelyn_Swyft,876
Swyft,Shierle Swyft,/index.php/Shierle_Swyft,1641
Swyft,Steffon Swyft,/index.php/Steffon_Swyft,1684
Swyft,Dorna Swyft,/index.php/Dorna_Swyft,2080
Wagstaff,Humfrey Wagstaff,/index.php/Humfrey_Wagstaff,808
Vyrwel,Igon Vyrwel,/index.php/Igon_Vyrwel,812
Mopatis,Illyrio Mopatis,/index.php/Illyrio_Mopatis,814
Emmett,Iron Emmett,/index.php/Iron_Emmett,817
Xho,Jalabhar Xho,/index.php/Jalabhar_Xho,831
H'ghar,Jaqen H'ghar,/index.php/Jaqen_H%27ghar,836
Rykker,Jaremy Rykker,/index.php/Jaremy_Rykker,838
Rykker,Renfred Rykker,/index.php/Renfred_Rykker,1466
Waynwood,Jasper Waynwood,/index.php/Jasper_Waynwood,846
Waynwood,Wyl Waynwood,/index.php/Wyl_Waynwood,1953
Blackberry,Jate Blackberry,/index.php/Jate_Blackberry,848
Blackberry,Omer Blackberry,/index.php/Omer_Blackberry,1306
Heddle,Jeyne Heddle,/index.php/Jeyne_Heddle,861
Heddle,Jon Heddle,/index.php/Jon_Heddle,893
Heddle,Masha Heddle,/index.php/Masha_Heddle,1146
Heddle,Tommard Heddle,/index.php/Tommard_Heddle,1766
Heddle,Willow Heddle,/index.php/Willow_Heddle,1944
Waters,Jeyne Waters,/index.php/Jeyne_Waters,867
Waters,Jon Waters,/index.php/Jon_Waters,905
Waters,Marston Waters,/index.php/Marston_Waters,2062
Lonmouth,Joffrey Lonmouth,/index.php/Joffrey_Lonmouth,880
Lonmouth,Richard Lonmouth,/index.php/Richard_Lonmouth,1493
Bettley,Jon Bettley,/index.php/Jon_Bettley,887
Cupps,Jon Cupps,/index.php/Jon_Cupps,891
Lynderly,Jon Lynderly,/index.php/Jon_Lynderly,895
Lynderly,Terrance Lynderly,/index.php/Terrance_Lynderly,1726
Myre,Jon Myre,/index.php/Jon_Myre,896
Penrose,Jon Penrose,/index.php/Jon_Penrose,898
Penrose,Ronnel Penrose,/index.php/Ronnel_Penrose,2068
Penrose,Robin Penrose,/index.php/Robin_Penrose,2108
Penrose,Laena Penrose,/index.php/Laena_Penrose,2109
Penrose,Jocelyn Penrose,/index.php/Jocelyn_Penrose,2110
Penrose,Joy Penrose,/index.php/Joy_Penrose,2111
Pox,Jon Pox,/index.php/Jon_Pox,899
Mormont,Jorelle Mormont,/index.php/Jorelle_Mormont,916
Mormont,Lyra Mormont,/index.php/Lyra_Mormont,1085
Mormont,Maege Mormont,/index.php/Maege_Mormont,1093
Peckledon,Josmyn Peckledon,/index.php/Josmyn_Peckledon,923
Stilwood,Joss Stilwood,/index.php/Joss_Stilwood,925
Quickbow,Joth Quickbow,/index.php/Joth_Quickbow,928
Massey,Justin Massey,/index.php/Justin_Massey,933
Massey,Triston Massey,/index.php/Triston_Massey,2029
Blackmont,Jynessa Blackmont,/index.php/Jynessa_Blackmont,937
Blackmont,Larra Blackmont,/index.php/Larra_Blackmont,984
Blackmont,Perros Blackmont,/index.php/Perros_Blackmont,1362
Blackmont,Benedict Blackmont,/index.php/Benedict_Blackmont,2114
Whiteye,Kedge Whiteye,/index.php/Kedge_Whiteye,942
Sathmantes,Khorane Sathmantes,/index.php/Khorane_Sathmantes,952
Man,Kindly Man,/index.php/Kindly_Man,954
Mo,Kojja Mo,/index.php/Kojja_Mo,957
Mo,Quhuru Mo,/index.php/Quhuru_Mo,1422
Condon,Kyle Condon,/index.php/Kyle_Condon,965
Royce,Kyle Royce,/index.php/Kyle_Royce,966
Royce,Myranda Royce,/index.php/Myranda_Royce,1256
Royce,Nestor Royce,/index.php/Nestor_Royce,1272
Royce,Rhea Royce,/index.php/Rhea_Royce,1486
Royce,Jeyne Royce,/index.php/Jeyne_Royce,2000
Royce,Lorra Royce,/index.php/Lorra_Royce,2096
Turnberry,Lambert Turnberry,/index.php/Lambert_Turnberry,974
Tawney,Lenwood Tawney,/index.php/Lenwood_Tawney,995
Lanster,Lewis Lanster,/index.php/Lewis_Lanster,1011
Lydden,Lewys Lydden,/index.php/Lewys_Lydden,1014
Luke,Likely Luke,/index.php/Likely_Luke,1021
Greenhands,Lommy Greenhands,/index.php/Lommy_Greenhands,1025
Mallery,Lothar Mallery,/index.php/Lothar_Mallery,1039
Lornel,Lotho Lornel,/index.php/Lotho_Lornel,1040
Woodwright,Lucantine Woodwright,/index.php/Lucantine_Woodwright,1044
Woodwright,Portifer Woodwright,/index.php/Portifer_Woodwright,1379
Hardy,Lucifer Hardy,/index.php/Lucifer_Hardy,1053
Prestayn,Luco Prestayn,/index.php/Luco_Prestayn,1056
Prestayn,Moredo Prestayn,/index.php/Moredo_Prestayn,1217
Lychester,Lymond Lychester,/index.php/Lymond_Lychester,1072
Vikary,Lymond Vikary,/index.php/Lymond_Vikary,1073
Bentley,Lyonel Bentley,/index.php/Lyonel_Bentley,1078
Selmy,Lyonel Selmy,/index.php/Lyonel_Selmy,1081
Maar,Lysono Maar,/index.php/Lysono_Maar,1088
Huntsman,Mad Huntsman,/index.php/Mad_Huntsman,1091
Rayder,Mance Rayder,/index.php/Mance_Rayder,1109
Dondarrion,Manfred Dondarrion,/index.php/Manfred_Dondarrion,1111
Dondarrion,Jena Dondarrion,/index.php/Jena_Dondarrion,2070
Yew,Manfryd Yew,/index.php/Manfryd_Yew,1116
Mullendore,Mark Mullendore,/index.php/Mark_Mullendore,1127
Mullendore,Martyn Mullendore,/index.php/Martyn_Mullendore,1141
Ryswell,Mark Ryswell,/index.php/Mark_Ryswell,1128
Ryswell,Rickard Ryswell,/index.php/Rickard_Ryswell,1495
Ryswell,Rodrik Ryswell,/index.php/Rodrik_Ryswell,1530
Ryswell,Roger Ryswell,/index.php/Roger_Ryswell,1537
Ryswell,Roose Ryswell,/index.php/Roose_Ryswell,1564
Volmark,Maron Volmark,/index.php/Maron_Volmark,1133
Rankenfell,Marq Rankenfell,/index.php/Marq_Rankenfell,1136
Mallarawan,Mathos Mallarawan,/index.php/Mathos_Mallarawan,1150
Mahr,Meizo Mahr,/index.php/Meizo_Mahr,1166
Crane,Melara Crane,/index.php/Melara_Crane,1169
Crane,Meredyth Crane,/index.php/Meredyth_Crane,1185
Crane,Vortimer Crane,/index.php/Vortimer_Crane,1868
Hetherspoon,Melara Hetherspoon,/index.php/Melara_Hetherspoon,1170
Hetherspoon,Tybolt Hetherspoon,/index.php/Tybolt_Hetherspoon,1802
Merlyn,Meldred Merlyn,/index.php/Meldred_Merlyn,1171
Sarsfield,Melwyn Sarsfield,/index.php/Melwyn_Sarsfield,1182
Queen,Merling Queen,/index.php/Merling_Queen,1188
Gardener,Mern Gardener,/index.php/Mern_Gardener,1190
Meg,Merry Meg,/index.php/Merry_Meg,1195
Trant,Meryn Trant,/index.php/Meryn_Trant,1196
Mertyns,Michael Mertyns,/index.php/Michael_Mertyns,1198
Whent,Minisa Whent,/index.php/Minisa_Whent,1202
Whent,Oswell Whent,/index.php/Oswell_Whent,1333
Whent,Sarya Whent,/index.php/Sarya_Whent,1614
Whent,Shella Whent,/index.php/Shella_Whent,1637
Boy,Moon Boy,/index.php/Moon_Boy,1212
Tumitis,Moreo Tumitis,/index.php/Moreo_Tumitis,1218
Chester,Moribald Chester,/index.php/Moribald_Chester,1221
Boggs,Mortimer Boggs,/index.php/Mortimer_Boggs,1232
Mole,Mother Mole,/index.php/Mother_Mole,1236
Stone,Mya Stone,/index.php/Mya_Stone,1247
Stone,Samwell Stone,/index.php/Samwell_Stone,1606
Stone,Tim Stone,/index.php/Tim_Stone,1747
Smallwood,Myles Smallwood,/index.php/Myles_Smallwood,1255
Smallwood,Thoren Smallwood,/index.php/Thoren_Smallwood,1741
Jordayne,Myria Jordayne,/index.php/Myria_Jordayne,1258
Jordayne,Trebor Jordayne,/index.php/Trebor_Jordayne,1779
Woods,Ned Woods,/index.php/Ned_Woods,1270
Nissa,Nissa Nissa,/index.php/Nissa_Nissa,1275
Dimittis,Noho Dimittis,/index.php/Noho_Dimittis,1276
Toland,Nymella Toland,/index.php/Nymella_Toland,1285
Crackbones,Old Crackbones,/index.php/Old_Crackbones,1295
Henly,Old Henly,/index.php/Old_Henly,1297
Henly,Young Henly,/index.php/Young_Henly,1975
Tattersalt,Old Tattersalt,/index.php/Old_Tattersalt,1298
Lophand,Ollo Lophand,/index.php/Ollo_Lophand,1302
Tendyris,Oro Tendyris,/index.php/Oro_Tendyris,1318
Oss,Orphan Oss,/index.php/Orphan_Oss,1320
Kettleblack,Osfryd Kettleblack,/index.php/Osfryd_Kettleblack,1324
Kettleblack,Osmund Kettleblack,/index.php/Osmund_Kettleblack,1327
Kettleblack,Osney Kettleblack,/index.php/Osney_Kettleblack,1329
Kettleblack,Oswell Kettleblack,/index.php/Oswell_Kettleblack,1332
Kettleblack,Oswell Kettleblack,/index.php/Oswell_Kettleblack,2020
Yarwyck,Othell Yarwyck,/index.php/Othell_Yarwyck,1335
Gimpknee,Otter Gimpknee,/index.php/Otter_Gimpknee,1338
Wythers,Ottyn Wythers,/index.php/Ottyn_Wythers,1341
Wythers,Willam Wythers,/index.php/Willam_Wythers,1933
Inchfield,Owen Inchfield,/index.php/Owen_Inchfield,1344
Jenny,Penny Jenny,/index.php/Penny_Jenny,1359
Baelish,Petyr Baelish,/index.php/Petyr_Baelish,1366
Foote,Philip Foote,/index.php/Philip_Foote,1368
Pemford,Poul Pemford,/index.php/Poul_Pemford,1380
Tym,Poxy Tym,/index.php/Poxy_Tym,1381
Pree,Pyat Pree,/index.php/Pyat_Pree,1388
Correy,Qarl Correy,/index.php/Qarl_Correy,1396
Kenning,Qarl Kenning,/index.php/Qarl_Kenning,1397
Kenning,Ralf Kenning,/index.php/Ralf_Kenning,1438
Kenning,Terrence Kenning,/index.php/Terrence_Kenning,1727
Quickaxe,Qarl Quickaxe,/index.php/Qarl_Quickaxe,1398
Volentin,Qarro Volentin,/index.php/Qarro_Volentin,1401
Halfhand,Qhorin Halfhand,/index.php/Qhorin_Halfhand,1403
Humble,Quellon Humble,/index.php/Quellon_Humble,1411
Banefort,Quenten Banefort,/index.php/Quenten_Banefort,1414
Ball,Quentyn Ball,/index.php/Quentyn_Ball,1418
Cox,Quincy Cox,/index.php/Quincy_Cox,1425
Ryndoon,Racallio Ryndoon,/index.php/Racallio_Ryndoon,1429
Knight,Rainbow Knight,/index.php/Rainbow_Knight,1434
Knight,Smiling Knight,/index.php/Smiling_Knight,1661
Stonehouse,Ralf Stonehouse,/index.php/Ralf_Stonehouse,1439
Cook,Rat Cook,/index.php/Rat_Cook,1444
Nayland,Raymond Nayland,/index.php/Raymond_Nayland,1449
Ruttiger,Raynard Ruttiger,/index.php/Raynard_Ruttiger,1457
Oarsman,Red Oarsman,/index.php/Red_Oarsman,1460
Rolfe,Red Rolfe,/index.php/Red_Rolfe,1461
Estren,Regenard Estren,/index.php/Regenard_Estren,1465
Longwaters,Rennifer Longwaters,/index.php/Rennifer_Longwaters,1469
Webber,Reynard Webber,/index.php/Reynard_Webber,1470
Webber,Rohanne Webber,/index.php/Rohanne_Webber,1539
Webber,Wendell Webber,/index.php/Wendell_Webber,1916
Webber,Wyman Webber,/index.php/Wyman_Webber,2033
Rowan,Rhonda Rowan,/index.php/Rhonda_Rowan,1489
Rowan,Thaddeus Rowan,/index.php/Thaddeus_Rowan,2056
Farrow,Richard Farrow,/index.php/Richard_Farrow,1491
Horpe,Richard Horpe,/index.php/Richard_Horpe,1492
Reyne,Robb Reyne,/index.php/Robb_Reyne,1504
Moreland,Robin Moreland,/index.php/Robin_Moreland,1521
Potter,Robin Potter,/index.php/Robin_Potter,1522
Ryger,Robin Ryger,/index.php/Robin_Ryger,1523
Ryger,Tristan Ryger,/index.php/Tristan_Ryger,1784
Rhysling,Robyn Rhysling,/index.php/Robyn_Rhysling,1524
Freeborn,Rodrik Freeborn,/index.php/Rodrik_Freeborn,1527
Hogg,Roger Hogg,/index.php/Roger_Hogg,1536
Longthorpe,Rolland Longthorpe,/index.php/Rolland_Longthorpe,1546
Duckfield,Rolly Duckfield,/index.php/Rolly_Duckfield,1550
Spicer,Rolph Spicer,/index.php/Rolph_Spicer,1551
Spicer,Samwell Spicer,/index.php/Samwell_Spicer,1605
Spicer,Sybell Spicer,/index.php/Sybell_Spicer,1696
Weaver,Romny Weaver,/index.php/Romny_Weaver,1552
Harclay,Ronnel Harclay,/index.php/Ronnel_Harclay,1558
Uhoris,Roro Uhoris,/index.php/Roro_Uhoris,1566
Coldwater,Royce Coldwater,/index.php/Royce_Coldwater,1573
Leek,Rufus Leek,/index.php/Rufus_Leek,1575
Wife,Sailor's Wife,/index.php/Sailor%27s_Wife,1599
Saan,Salladhor Saan,/index.php/Salladhor_Saan,1600
Stoops,Sam Stoops,/index.php/Sam_Stoops,1604
Farman,Sebaston Farman,/index.php/Sebaston_Farman,1620
Stackspear,Selmond Stackspear,/index.php/Selmond_Stackspear,1623
Stackspear,Steffon Stackspear,/index.php/Steffon_Stackspear,1683
Seastar,Shiera Seastar,/index.php/Shiera_Seastar,1640
Errol,Shyra Errol,/index.php/Shyra_Errol,1646
Stonetree,Sigfry Stonetree,/index.php/Sigfry_Stonetree,1647
Leygood,Simon Leygood,/index.php/Simon_Leygood,1650
Staunton,Simon Staunton,/index.php/Simon_Staunton,1651
Staunton,Lord Staunton,/index.php/Lord_Staunton,1674
Staunton,Symond Staunton,/index.php/Symond_Staunton,2002
Toyne,Simon Toyne,/index.php/Simon_Toyne,1652
Toyne,Terrence Toyne,/index.php/Terrence_Toyne,1728
Toyne,Myles Toyne,/index.php/Myles_Toyne,2077
Jack,Sleepy Jack,/index.php/Sleepy_Jack,1658
Paul,Small Paul,/index.php/Small_Paul,1660
Shieldbreaker,Soren Shieldbreaker,/index.php/Soren_Shieldbreaker,1662
Alyn,Sour Alyn,/index.php/Sour_Alyn,1663
Boot,Spare Boot,/index.php/Spare_Boot,1664
Cat,Spotted Cat,/index.php/Spotted_Cat,1666
Shield,Stalwart Shield,/index.php/Stalwart_Shield,1671
Pate,Steely Pate,/index.php/Steely_Pate,1676
Sparr,Steffarion Sparr,/index.php/Steffarion_Sparr,1677
Varner,Steffon Varner,/index.php/Steffon_Varner,1686
Thumbs,Stone Thumbs,/index.php/Stone_Thumbs,1689
Crakehall,Sumner Crakehall,/index.php/Sumner_Crakehall,1694
Flatnose,Sylas Flatnose,/index.php/Sylas_Flatnose,1699
Star-Eyes,Symeon Star-Eyes,/index.php/Symeon_Star-Eyes,1702
Stripeback,Symon Stripeback,/index.php/Symon_Stripeback,1706
Templeton,Symond Templeton,/index.php/Symond_Templeton,1709
Forel,Syrio Forel,/index.php/Syrio_Forel,1710
Toraq,Tal Toraq,/index.php/Tal_Toraq,1713
Wells,Theodan Wells,/index.php/Theodan_Wells,1733
Wells,Willam Wells,/index.php/Willam_Wells,1932
Toes,Three Toes,/index.php/Three_Toes,1744
Tangletongue,Tim Tangletongue,/index.php/Tim_Tangletongue,1748
Mott,Tobho Mott,/index.php/Tobho_Mott,1757
Joth,Togg Joth,/index.php/Togg_Joth,1761
Costayne,Tom Costayne,/index.php/Tom_Costayne,1762
Costayne,Tommen Costayne,/index.php/Tommen_Costayne,1768
Costayne,Elinor Costayne,/index.php/Elinor_Costayne,2042
Liddle,Torren Liddle,/index.php/Torren_Liddle,1773
Browntooth,Torwold Browntooth,/index.php/Torwold_Browntooth,1776
Ormollen,Tregar Ormollen,/index.php/Tregar_Ormollen,1781
Gargalen,Tremond Gargalen,/index.php/Tremond_Gargalen,1782
Mudd,Tristan Mudd,/index.php/Tristan_Mudd,1783
Sunderland,Triston Sunderland,/index.php/Triston_Sunderland,1791
Lho,Tumco Lho,/index.php/Tumco_Lho,1795
Istarion,Tybero Istarion,/index.php/Tybero_Istarion,1800
Nestoris,Tycho Nestoris,/index.php/Tycho_Nestoris,1804
Ironfoot,Urras Ironfoot,/index.php/Urras_Ironfoot,1835
Greyiron,Urron Greyiron,/index.php/Urron_Greyiron,1838
Wayn,Utherydes Wayn,/index.php/Utherydes_Wayn,1841
Underleaf,Uthor Underleaf,/index.php/Uthor_Underleaf,1843
Hoat,Vargo Hoat,/index.php/Vargo_Hoat,1852
Lady,Veiled Lady,/index.php/Veiled_Lady,1856
Wynch,Waldon Wynch,/index.php/Waldon_Wynch,1890
(orphan),Wat (orphan),/index.php/Wat_(orphan),1902
(orphan),Will (orphan),/index.php/Will_(orphan),1925
Witch-eye,Willow Witch-eye,/index.php/Willow_Witch-eye,1945
Oldfather,Ygon Oldfather,/index.php/Ygon_Oldfather,1966
Wat,Whitesmile Wat,/index.php/Wat_(Whitesmile),1986
Merryweather,Owen Merryweather,/index.php/Owen_Merryweather,2001
Merryweather,Russell Merryweather,/index.php/Russell_Merryweather,2084
Fenn,Wylla Fenn,/index.php/Wylla_Fenn,2008
Snow,Lonnel Snow,/index.php/Lonnel_Snow,2011
Rogare,Larra Rogare,/index.php/Larra_Rogare,2044
Manderly,Torrhen Manderly,/index.php/Torrhen_Manderly,2054
Sloane,Edgar Sloane,/index.php/Edgar_Sloane,2075
(Banners),Mudge (Banners),/index.php/Mudge_(Banners),2092
Prince,Tattered Prince,/index.php/Tattered_Prince,2101
Barleycorn,Tom Barleycorn,/index.php/Tom_Barleycorn,2113
